Provinces/city,Population density,Average population,Sex ratio,Population grow ratio,15+ labor,Region,Year,Growth_Rate (%)
An Giang,607.6,2149.0,98.9,0.03,1300.4,Mekong Delta,2011,
An Giang,608.3,2151.2,98.9,0.1,1304.4,Mekong Delta,2012,0.30759766225776364
An Giang,608.8,2153.3,98.6,0.1,1275.8,Mekong Delta,2013,-2.1925789635081405
An Giang,610.0,2155.8,98.1,0.11,1218.3,Mekong Delta,2014,-4.50697601504938
An Giang,610.0,2158.3,98.1,0.12,1218.9,Mekong Delta,2015,0.049248953459746225
An Giang,611.0,2159.9,98.1,0.07,1228.3,Mekong Delta,2016,0.7711871359422418
An Giang,611.0,2161.7,98.6,-1.12,1096.2,Mekong Delta,2017,-10.754701620125374
An Giang,612.0,2164.2,98.6,-1.18,1078.7,Mekong Delta,2018,-1.5964240102171123
An Giang,539.0,1907.4,98.62,-1.22,1002.5,Mekong Delta,2019,-7.064058589042366
An Giang,539.0,1904.5,98.61,-0.15,985.55,Mekong Delta,2020,-1.6907730673316745
Ba Ria - Vung Tau,513.9,1022.5,99.9,1.1,553.9,South East,2011,
Ba Ria - Vung Tau,519.2,1033.0,99.8,1.03,567.8,South East,2012,2.5094782451706044
Ba Ria - Vung Tau,526.0,1046.5,99.4,1.31,577.6,South East,2013,1.7259598450158675
Ba Ria - Vung Tau,533.0,1059.5,99.7,1.24,537.4,South East,2014,-6.959833795013859
Ba Ria - Vung Tau,539.0,1072.6,99.9,1.84,570.0,South East,2015,6.066244882768901
Ba Ria - Vung Tau,551.0,1092.0,100.2,1.04,598.0,South East,2016,4.912280701754379
Ba Ria - Vung Tau,556.0,1101.6,100.6,0.86,606.6,South East,2017,1.4381270903010002
Ba Ria - Vung Tau,562.0,1112.9,100.7,0.98,610.1,South East,2018,0.5769864820309945
Ba Ria - Vung Tau,582.0,1152.2,100.74,1.22,624.1,South East,2019,2.294705785936735
Ba Ria - Vung Tau,590.0,1167.9,98.3,1.36,597.38,South East,2020,-4.281365165838813
Bac Giang,411.5,1581.8,98.5,0.76,989.4,Midlands and northern mountains,2011,
Bac Giang,413.9,1592.9,98.4,0.7,999.1,Midlands and northern mountains,2012,0.9803921568627416
Bac Giang,417.7,1608.0,96.6,0.95,1000.0,Midlands and northern mountains,2013,0.09008107296566426
Bac Giang,422.0,1624.5,98.7,1.03,1022.6,Midlands and northern mountains,2014,2.2599999999999953
Bac Giang,426.0,1640.9,98.7,1.01,1036.1,Midlands and northern mountains,2015,1.3201642871112806
Bac Giang,426.0,1657.6,98.7,1.02,1034.5,Midlands and northern mountains,2016,-0.15442524852812278
Bac Giang,430.0,1674.4,100.3,2.35,1063.7,Midlands and northern mountains,2017,2.822619623006295
Bac Giang,434.0,1691.8,100.5,2.34,1088.1,Midlands and northern mountains,2018,2.2938798533420846
Bac Giang,465.0,1810.4,100.77,1.85,1107.9,Midlands and northern mountains,2019,1.8196856906534498
Bac Giang,473.0,1841.6,101.01,1.72,1102.8,Midlands and northern mountains,2020,-0.46033035472516914
Bac Kan,61.8,300.4,102.6,0.99,199.6,Midlands and northern mountains,2011,
Bac Kan,62.4,303.0,102.4,0.86,204.8,Midlands and northern mountains,2012,2.605210420841697
Bac Kan,62.8,305.2,103.1,0.7,214.9,Midlands and northern mountains,2013,4.931640625
Bac Kan,63.0,307.3,101.0,0.69,219.6,Midlands and northern mountains,2014,2.1870637505816637
Bac Kan,64.0,313.1,98.9,1.89,223.5,Midlands and northern mountains,2015,1.775956284153013
Bac Kan,66.0,319.0,96.9,1.88,228.8,Midlands and northern mountains,2016,2.371364653243857
Bac Kan,67.0,323.2,103.6,0.72,208.7,Midlands and northern mountains,2017,-8.784965034965042
Bac Kan,67.0,327.9,103.8,0.7,216.5,Midlands and northern mountains,2018,3.737422137038826
Bac Kan,65.0,314.4,104.07,0.74,211.0,Midlands and northern mountains,2019,-2.5404157043879882
Bac Kan,65.0,316.5,103.59,0.66,205.97,Midlands and northern mountains,2020,-2.3838862559241725
Bac Lieu,350.3,864.9,99.0,0.46,514.0,Mekong Delta,2011,
Bac Lieu,352.1,869.3,98.9,0.5,516.0,Mekong Delta,2012,0.3891050583657574
Bac Lieu,353.9,873.6,98.5,0.5,504.5,Mekong Delta,2013,-2.2286821705426396
Bac Lieu,356.0,877.9,101.3,0.48,505.8,Mekong Delta,2014,0.25768087215065627
Bac Lieu,357.0,882.0,101.3,0.47,506.5,Mekong Delta,2015,0.1383946223803889
Bac Lieu,332.0,886.2,101.3,0.47,513.0,Mekong Delta,2016,1.2833168805528095
Bac Lieu,335.0,894.3,100.0,0.55,514.5,Mekong Delta,2017,0.29239766081872176
Bac Lieu,336.0,897.0,100.1,0.58,516.7,Mekong Delta,2018,0.42759961127309953
Bac Lieu,340.0,908.2,100.19,0.58,518.1,Mekong Delta,2019,0.27095026127346156
Bac Lieu,342.0,913.5,100.15,0.58,507.76,Mekong Delta,2020,-1.995753715498949
Bac Ninh,1292.6,1063.4,96.7,1.84,593.5,Hong river Delta,2011,
Bac Ninh,1319.8,1085.8,96.8,2.1,625.3,Hong river Delta,2012,5.358045492839092
Bac Ninh,1347.0,1108.2,96.6,2.06,642.1,Hong river Delta,2013,2.686710379018087
Bac Ninh,1375.0,1131.2,96.7,2.08,658.2,Hong river Delta,2014,2.5073976016196875
Bac Ninh,1404.0,1154.7,96.8,2.07,661.7,Hong river Delta,2015,0.5317532664843583
Bac Ninh,1432.0,1178.6,96.8,2.07,666.9,Hong river Delta,2016,0.7858546168958647
Bac Ninh,1477.0,1215.2,97.4,3.17,735.6,Hong river Delta,2017,10.301394511920826
Bac Ninh,1516.0,1247.5,96.8,3.05,751.6,Hong river Delta,2018,2.175095160413276
Bac Ninh,1676.0,1378.6,97.62,3.08,777.7,Hong river Delta,2019,3.472591804151137
Bac Ninh,1725.0,1419.1,97.07,2.94,774.57,Hong river Delta,2020,-0.4024688183103975
Ben Tre,532.7,1257.4,96.3,0.06,777.1,Mekong Delta,2011,
Ben Tre,534.0,1258.9,96.1,0.12,770.8,Mekong Delta,2012,-0.810706472783429
Ben Tre,534.3,1260.6,96.0,0.13,775.8,Mekong Delta,2013,0.6486766995329463
Ben Tre,535.0,1262.2,96.2,0.13,808.6,Mekong Delta,2014,4.227893787058523
Ben Tre,536.0,1263.7,96.4,0.12,809.4,Mekong Delta,2015,0.09893643334157876
Ben Tre,528.0,1265.2,96.6,0.12,807.3,Mekong Delta,2016,-0.25945144551520194
Ben Tre,529.0,1266.7,95.9,0.3,814.5,Mekong Delta,2017,0.891861761426993
Ben Tre,530.0,1268.2,95.9,0.27,814.5,Mekong Delta,2018,0.0
Ben Tre,538.0,1289.1,95.81,0.24,828.8,Mekong Delta,2019,1.7556783302639545
Ben Tre,540.0,1292.4,96.03,0.26,827.08,Mekong Delta,2020,-0.2075289575289463
Binh Dinh,247.6,1498.2,95.1,0.42,880.4,North Central and Central Coast,2011,
Binh Dinh,248.3,1502.4,95.1,0.28,893.9,North Central and Central Coast,2012,1.5333939118582496
Binh Dinh,249.4,1509.3,95.1,0.46,920.1,North Central and Central Coast,2013,2.930976619308656
Binh Dinh,250.0,1514.5,95.5,0.34,931.4,North Central and Central Coast,2014,1.2281273774589652
Binh Dinh,251.0,1519.7,95.5,0.38,912.9,North Central and Central Coast,2015,-1.9862572471548212
Binh Dinh,251.0,1524.6,95.5,0.29,931.4,North Central and Central Coast,2016,2.0265089275933734
Binh Dinh,252.0,1529.0,96.1,0.0,893.7,North Central and Central Coast,2017,-4.047670173931706
Binh Dinh,253.0,1534.8,96.5,0.0,907.3,North Central and Central Coast,2018,1.5217634552981973
Binh Dinh,245.0,1487.8,97.03,0.0,891.2,North Central and Central Coast,2019,-1.7744957566405706
Binh Dinh,245.0,1487.9,97.05,0.01,864.5,North Central and Central Coast,2020,-2.995960502693007
Binh Duong,615.8,1659.1,92.7,4.3,1077.6,South East,2011,
Binh Duong,642.4,1731.0,93.1,4.33,1147.2,South East,2012,6.458797327394228
Binh Duong,669.0,1802.5,93.3,4.13,1197.7,South East,2013,4.402022315202236
Binh Duong,695.0,1873.6,93.3,3.94,1268.7,South East,2014,5.928028721716627
Binh Duong,723.0,1947.2,93.3,3.04,1270.8,South East,2015,0.16552376448333295
Binh Duong,741.0,1995.8,93.4,3.39,1280.1,South East,2016,0.7318224740320955
Binh Duong,769.0,2071.0,99.5,4.13,1492.1,South East,2017,16.56120615576908
Binh Duong,803.0,2163.6,100.4,5.3,1562.2,South East,2018,4.6980765364251775
Binh Duong,912.0,2456.3,101.36,4.74,1647.6,South East,2019,5.4666495967225615
Binh Duong,958.0,2580.6,105.0,5.06,1650.85,South East,2020,0.19725661568341657
Binh Phuoc,130.6,897.3,101.9,1.29,531.7,South East,2011,
Binh Phuoc,132.3,908.9,101.9,1.29,568.4,South East,2012,6.902388564980244
Binh Phuoc,134.0,920.7,101.9,1.3,562.2,South East,2013,-1.0907811400422074
Binh Phuoc,136.0,932.5,99.1,1.29,564.2,South East,2014,0.3557452863749644
Binh Phuoc,137.0,944.4,96.5,1.27,573.0,South East,2015,1.5597305919886395
Binh Phuoc,139.0,956.4,96.5,1.28,581.1,South East,2016,1.4136125654450327
Binh Phuoc,141.0,968.9,102.0,1.03,593.4,South East,2017,2.1166752710376713
Binh Phuoc,142.0,979.6,101.8,1.26,588.8,South East,2018,-0.7751937984496138
Binh Phuoc,145.0,997.8,101.65,1.31,603.8,South East,2019,2.5475543478260976
Binh Phuoc,147.0,1011.1,101.64,1.33,603.84,South East,2020,0.006624710168945391
Binh Thuan,151.6,1184.5,100.9,0.66,664.4,North Central and Central Coast,2011,
Binh Thuan,152.5,1191.6,101.1,0.6,701.1,North Central and Central Coast,2012,5.523780854906679
Binh Thuan,153.5,1199.5,100.9,0.66,697.0,North Central and Central Coast,2013,-0.5847953216374324
Binh Thuan,155.0,1207.4,100.2,0.66,705.4,North Central and Central Coast,2014,1.2051649928263908
Binh Thuan,156.0,1215.2,100.2,0.63,710.0,North Central and Central Coast,2015,0.6521122767224385
Binh Thuan,154.0,1222.7,100.2,0.63,716.3,North Central and Central Coast,2016,0.8873239436619551
Binh Thuan,106.0,5778.5,100.9,0.57,715.6,North Central and Central Coast,2017,-0.09772441714364088
Binh Thuan,108.0,5871.0,100.9,0.56,723.8,North Central and Central Coast,2018,1.1458915595304653
Binh Thuan,108.0,5861.3,100.99,0.41,726.8,North Central and Central Coast,2019,0.4144791378833945
Binh Thuan,109.0,5932.1,101.13,0.57,712.01,North Central and Central Coast,2020,-2.0349477160154006
Ca Mau,228.5,1210.0,101.0,0.13,684.3,Mekong Delta,2011,
Ca Mau,228.9,1212.1,100.8,0.17,697.7,Mekong Delta,2012,1.9582054654391445
Ca Mau,229.3,1214.2,100.7,0.18,696.2,Mekong Delta,2013,-0.21499211695571452
Ca Mau,230.0,1216.4,100.6,0.18,700.1,Mekong Delta,2014,0.5601838552140137
Ca Mau,230.0,1218.9,100.6,0.21,704.1,Mekong Delta,2015,0.5713469504356583
Ca Mau,234.0,1222.6,100.4,0.3,708.6,Mekong Delta,2016,0.6391137622496768
Ca Mau,235.0,1226.3,102.3,-0.1,683.7,Mekong Delta,2017,-3.5139712108382737
Ca Mau,236.0,1229.6,102.5,-0.12,688.3,Mekong Delta,2018,0.6728097118619214
Ca Mau,229.0,1194.3,102.63,-0.11,690.9,Mekong Delta,2019,0.37774226354787555
Ca Mau,229.0,1193.9,102.64,-0.03,669.77,Mekong Delta,2020,-3.0583297148646715
Can Tho,857.3,1208.0,98.8,0.84,690.7,Mekong Delta,2011,
Can Tho,864.7,1218.3,98.9,0.85,698.9,Mekong Delta,2012,1.187201389894299
Can Tho,871.9,1228.5,98.7,0.83,698.6,Mekong Delta,2013,-0.04292459579338104
Can Tho,879.0,1238.3,98.4,0.8,700.0,Mekong Delta,2014,0.2004008016031955
Can Tho,886.0,1248.0,99.1,0.79,693.1,Mekong Delta,2015,-0.9857142857142787
Can Tho,874.0,1257.9,99.3,1.17,712.9,Mekong Delta,2016,2.856730630500648
Can Tho,885.0,1272.8,98.4,0.64,726.2,Mekong Delta,2017,1.8656193014448208
Can Tho,891.0,1282.3,98.4,0.44,731.0,Mekong Delta,2018,0.6609749380335872
Can Tho,859.0,1236.0,98.39,0.67,720.2,Mekong Delta,2019,-1.477428180574547
Can Tho,862.0,1240.7,98.65,0.39,716.78,Mekong Delta,2020,-0.47486809219662307
Cao Bang,76.6,514.0,98.3,0.18,341.2,Midlands and northern mountains,2011,
Cao Bang,76.8,515.2,98.1,0.23,343.8,Midlands and northern mountains,2012,0.7620164126612039
Cao Bang,77.2,517.9,98.0,0.53,356.1,Midlands and northern mountains,2013,3.5776614310645716
Cao Bang,78.0,520.2,98.0,0.43,357.3,Midlands and northern mountains,2014,0.33698399326032025
Cao Bang,78.0,522.4,97.8,0.86,360.9,Midlands and northern mountains,2015,1.0075566750629594
Cao Bang,79.0,529.8,98.2,1.05,360.9,Midlands and northern mountains,2016,0.0
Cao Bang,80.0,535.4,100.0,0.42,347.8,Midlands and northern mountains,2017,-3.6298143530063665
Cao Bang,81.0,540.4,100.2,0.43,351.9,Midlands and northern mountains,2018,1.178838412880956
Cao Bang,79.0,530.9,100.39,0.42,348.9,Midlands and northern mountains,2019,-0.8525149190110826
Cao Bang,80.0,533.1,100.35,0.42,348.99,Midlands and northern mountains,2020,0.02579535683577827
Da Nang,736.0,946.0,95.7,2.53,496.2,North Central and Central Coast,2011,
Da Nang,751.8,966.3,97.3,2.14,508.8,North Central and Central Coast,2012,2.539298669891177
Da Nang,767.7,986.8,97.3,2.12,527.6,North Central and Central Coast,2013,3.6949685534591215
Da Nang,784.0,1007.7,96.6,2.11,541.2,North Central and Central Coast,2014,2.577710386656573
Da Nang,800.0,1028.8,96.6,1.9,547.0,North Central and Central Coast,2015,1.0716925351071716
Da Nang,814.0,1046.2,97.1,1.8,556.1,North Central and Central Coast,2016,1.6636197440585088
Da Nang,828.0,1064.1,97.2,1.62,594.8,North Central and Central Coast,2017,6.959180003596455
Da Nang,841.0,1080.7,97.2,1.51,601.4,North Central and Central Coast,2018,1.109616677874925
Da Nang,888.0,1141.1,97.19,2.4,606.7,North Central and Central Coast,2019,0.8812770202860198
Da Nang,910.0,1169.5,97.91,2.48,586.19,North Central and Central Coast,2020,-3.380583484423927
Dak Lak,134.9,1770.5,101.9,1.02,1012.2,Highlands,2011,
Dak Lak,136.5,1791.4,101.8,1.18,1033.1,Highlands,2012,2.0648093262201073
Dak Lak,138.1,1812.8,101.3,1.19,1077.6,Highlands,2013,4.30742425709032
Dak Lak,140.0,1833.3,101.3,1.13,1092.7,Highlands,2014,1.4012620638455875
Dak Lak,141.0,1853.7,101.3,1.12,1128.1,Highlands,2015,3.2396815228333375
Dak Lak,144.0,1874.5,101.3,1.12,1149.4,Highlands,2016,1.888130484886097
Dak Lak,146.0,1896.6,101.8,0.76,1084.9,Highlands,2017,-5.61162345571603
Dak Lak,147.0,1919.2,101.7,0.61,1096.9,Highlands,2018,1.106092727440311
Dak Lak,144.0,1872.6,101.7,0.59,1117.6,Highlands,2019,1.8871364755219
Dak Lak,145.0,1886.9,101.87,0.77,1101.7,Highlands,2020,-1.4226914817465852
Dak Nong,79.7,519.6,112.2,3.13,306.6,Highlands,2011,
Dak Nong,82.4,536.7,114.1,3.3,320.7,Highlands,2012,4.598825831702524
Dak Nong,85.2,555.1,109.3,3.42,349.2,Highlands,2013,8.886810102899911
Dak Nong,88.0,571.3,102.3,2.91,353.5,Highlands,2014,1.2313860252004538
Dak Nong,90.0,587.8,102.3,2.9,374.0,Highlands,2015,5.799151343705788
Dak Nong,93.0,605.4,106.9,3.51,381.3,Highlands,2016,1.9518716577540118
Dak Nong,96.0,625.6,106.7,1.76,365.8,Highlands,2017,-4.0650406504065035
Dak Nong,99.0,645.4,106.5,1.74,367.4,Highlands,2018,0.4373974849644524
Dak Nong,96.0,625.8,106.34,1.69,374.1,Highlands,2019,1.8236254763200899
Dak Nong,98.0,637.9,104.98,1.93,373.21,Highlands,2020,-0.23790430366212867
Dien Bien,53.4,510.8,100.1,1.92,300.4,Midlands and northern mountains,2011,
Dien Bien,54.3,519.7,100.2,1.74,306.4,Midlands and northern mountains,2012,1.9973368841544659
Dien Bien,55.3,528.5,100.3,1.69,327.7,Midlands and northern mountains,2013,6.951697127937351
Dien Bien,56.0,538.1,100.2,1.82,345.4,Midlands and northern mountains,2014,5.401281660054935
Dien Bien,57.0,547.8,100.0,1.81,353.2,Midlands and northern mountains,2015,2.2582513028372997
Dien Bien,58.0,557.4,100.0,1.75,348.4,Midlands and northern mountains,2016,-1.3590033975084959
Dien Bien,59.0,567.0,102.2,1.96,333.7,Midlands and northern mountains,2017,-4.219288174512048
Dien Bien,60.0,576.7,102.5,1.92,341.4,Midlands and northern mountains,2018,2.3074617920287643
Dien Bien,63.0,601.7,102.82,1.89,351.4,Midlands and northern mountains,2019,2.9291154071470427
Dien Bien,64.0,613.5,103.13,1.96,353.09,Midlands and northern mountains,2020,0.4809334092202633
Dong Nai,446.9,2640.2,96.8,2.67,1553.8,South East,2011,
Dong Nai,458.4,2707.8,96.2,2.56,1585.0,South East,2012,2.0079804350624286
Dong Nai,469.4,2772.7,95.6,2.4,1580.0,South East,2013,-0.3154574132492094
Dong Nai,481.0,2838.6,95.0,2.38,1627.5,South East,2014,3.0063291139240444
Dong Nai,492.0,2905.8,94.5,2.08,1630.3,South East,2015,0.17204301075268713
Dong Nai,505.0,2963.8,94.1,2.21,1634.7,South East,2016,0.269888977488808
Dong Nai,516.0,3027.3,100.2,1.81,1738.7,South East,2017,6.362023612895329
Dong Nai,526.0,3086.1,100.4,1.67,1765.1,South East,2018,1.5183757980099966
Dong Nai,531.0,3113.7,100.68,1.92,1765.9,South East,2019,0.045323211149517206
Dong Nai,542.0,3177.4,103.12,2.05,1767.62,South East,2020,0.09740075881985444
Dong Thap,495.0,1671.7,99.3,0.12,994.4,Mekong Delta,2011,
Dong Thap,496.0,1675.0,99.2,0.2,985.2,Mekong Delta,2012,-0.9251810136765792
Dong Thap,496.7,1678.4,98.8,0.2,986.0,Mekong Delta,2013,0.08120178643928888
Dong Thap,498.0,1681.3,99.8,0.17,1016.8,Mekong Delta,2014,3.123732251521294
Dong Thap,498.0,1684.3,99.2,0.17,1017.5,Mekong Delta,2015,0.06884343036979157
Dong Thap,499.0,1687.3,99.2,0.18,1112.1,Mekong Delta,2016,9.297297297297291
Dong Thap,500.0,1690.3,99.8,-0.4,975.6,Mekong Delta,2017,-12.274076072295648
Dong Thap,500.0,1693.3,99.8,-0.4,1055.7,Mekong Delta,2018,8.210332103321027
Dong Thap,472.0,1598.8,99.87,-0.46,929.4,Mekong Delta,2019,-11.9636260301222
Dong Thap,473.0,1600.0,99.81,0.08,917.35,Mekong Delta,2020,-1.2965353991822637
Gia Lai,85.1,1321.7,103.1,1.55,783.9,Highlands,2011,
Gia Lai,86.3,1340.5,104.3,1.42,797.3,Highlands,2012,1.7094017094017033
Gia Lai,87.5,1359.1,105.5,1.39,821.5,Highlands,2013,3.0352439483255944
Gia Lai,89.0,1377.8,99.3,1.37,833.3,Highlands,2014,1.4363968350578071
Gia Lai,90.0,1397.4,93.6,1.42,842.4,Highlands,2015,1.0920436817472678
Gia Lai,91.0,1417.3,98.3,1.42,856.6,Highlands,2016,1.6856600189933513
Gia Lai,93.0,1437.4,100.5,1.51,879.4,Highlands,2017,2.6616857342983913
Gia Lai,94.0,1458.5,100.5,1.82,890.0,Highlands,2018,1.2053672958835637
Gia Lai,98.0,1520.2,100.43,1.64,908.1,Highlands,2019,2.0337078651685436
Gia Lai,99.0,1541.8,100.57,1.43,898.84,Highlands,2020,-1.0197114855192146
Ha Giang,94.3,746.6,99.8,1.75,467.7,Midlands and northern mountains,2011,
Ha Giang,96.2,761.6,99.9,2.01,463.4,Midlands and northern mountains,2012,-0.9193927731451779
Ha Giang,98.0,775.8,100.6,1.86,499.1,Midlands and northern mountains,2013,7.703927492447149
Ha Giang,100.0,788.8,100.4,1.68,505.3,Midlands and northern mountains,2014,1.2422360248447228
Ha Giang,101.0,802.0,101.4,1.64,512.1,Midlands and northern mountains,2015,1.3457352068078299
Ha Giang,103.0,816.1,101.4,2.32,524.8,Midlands and northern mountains,2016,2.4799843780511477
Ha Giang,105.0,833.5,101.6,1.62,514.8,Midlands and northern mountains,2017,-1.9054878048780477
Ha Giang,107.0,846.5,101.9,1.54,532.8,Midlands and northern mountains,2018,3.4965034965035002
Ha Giang,108.0,858.1,102.14,1.37,533.0,Midlands and northern mountains,2019,0.037537537537546406
Ha Giang,110.0,870.2,102.1,1.42,529.36,Midlands and northern mountains,2020,-0.6829268292682933
Ha Nam,914.5,786.9,95.5,0.07,464.0,Hong river Delta,2011,
Ha Nam,920.6,792.2,96.1,0.68,469.2,Hong river Delta,2012,1.1206896551724022
Ha Nam,925.0,796.0,96.8,0.48,473.7,Hong river Delta,2013,0.9590792838874762
Ha Nam,927.0,799.4,97.3,0.43,472.4,Hong river Delta,2014,-0.27443529660122756
Ha Nam,931.0,802.7,97.7,0.42,472.1,Hong river Delta,2015,-0.06350550381032383
Ha Nam,932.0,803.7,97.8,0.13,473.4,Hong river Delta,2016,0.27536538868881966
Ha Nam,935.0,805.7,96.7,0.91,487.4,Hong river Delta,2017,2.9573299535276654
Ha Nam,938.0,808.2,96.8,0.88,487.7,Hong river Delta,2018,0.06155108740255599
Ha Nam,991.0,854.5,96.97,0.87,486.9,Hong river Delta,2019,-0.16403526758252962
Ha Nam,1000.0,861.8,97.13,0.86,466.97,Hong river Delta,2020,-4.093242965701371
Ha Noi,2031.1,6761.3,97.8,1.93,3572.9,Hong river Delta,2011,
Ha Noi,2065.6,6865.2,95.4,1.54,3702.5,Hong river Delta,2012,3.6273055501133467
Ha Noi,2098.8,6977.0,96.4,1.63,3799.6,Hong river Delta,2013,2.6225523295070774
Ha Noi,2134.0,7095.9,95.0,1.7,3832.4,Hong river Delta,2014,0.8632487630277019
Ha Noi,2171.0,7216.0,95.6,1.51,3820.9,Hong river Delta,2015,-0.3000730612670921
Ha Noi,2182.0,7328.4,96.2,1.5,3822.5,Hong river Delta,2016,0.04187495092780047
Ha Noi,2209.0,7420.1,98.0,1.99,4024.2,Hong river Delta,2017,5.276651406147814
Ha Noi,2239.0,7520.7,98.1,2.23,4064.8,Hong river Delta,2018,1.0088961781223649
Ha Noi,2410.0,8093.9,98.32,2.27,4118.3,Hong river Delta,2019,1.3161779177327304
Ha Noi,2455.0,8246.6,98.09,1.89,4124.62,Hong river Delta,2020,0.15346137969549645
Ha Tinh,206.4,1237.8,97.8,0.42,702.3,North Central and Central Coast,2011,
Ha Tinh,207.3,1243.2,97.7,0.44,706.4,North Central and Central Coast,2012,0.5837960985333845
Ha Tinh,208.3,1249.1,97.0,0.48,700.9,North Central and Central Coast,2013,-0.7785956964892371
Ha Tinh,209.0,1255.3,96.5,0.49,727.8,North Central and Central Coast,2014,3.8379226708517677
Ha Tinh,210.0,1261.3,96.5,0.48,745.3,North Central and Central Coast,2015,2.4045067326188496
Ha Tinh,211.0,1266.7,96.6,0.43,718.4,North Central and Central Coast,2016,-3.6092848517375486
Ha Tinh,212.0,1272.2,98.7,0.59,705.0,North Central and Central Coast,2017,-1.8652561247216037
Ha Tinh,213.0,1277.5,98.8,0.49,707.0,North Central and Central Coast,2018,0.28368794326241176
Ha Tinh,215.0,1290.3,98.88,0.76,707.2,North Central and Central Coast,2019,0.028288543140031486
Ha Tinh,216.0,1296.6,98.12,0.49,671.83,North Central and Central Coast,2020,-5.00141402714932
Hai Duong,1044.6,1729.8,96.1,0.78,1071.0,Hong river Delta,2011,
Hai Duong,1051.8,1741.7,96.1,0.69,1060.6,Hong river Delta,2012,-0.9710550887021552
Hai Duong,1057.9,1751.8,95.7,0.58,1077.0,Hong river Delta,2013,1.54629455025459
Hai Duong,1065.0,1763.2,95.8,0.65,1049.5,Hong river Delta,2014,-2.553389043639742
Hai Duong,1072.0,1774.5,95.9,0.64,1037.5,Hong river Delta,2015,-1.1434016198189623
Hai Duong,1070.0,1785.8,96.0,0.64,1035.2,Hong river Delta,2016,-0.221686746987948
Hai Duong,1077.0,1797.3,98.2,0.97,1071.7,Hong river Delta,2017,3.5258887171561115
Hai Duong,1083.0,1807.5,98.5,1.46,1067.6,Hong river Delta,2018,-0.3825697489969304
Hai Duong,1137.0,1896.9,98.8,1.02,1070.8,Hong river Delta,2019,0.2997377294867043
Hai Duong,1149.0,1916.8,99.6,1.05,1015.05,Hong river Delta,2020,-5.206387747478525
Hai Phong,1234.0,1879.8,98.5,1.19,1075.3,Hong river Delta,2011,
Hai Phong,1249.5,1904.1,98.6,1.29,1089.0,Hong river Delta,2012,1.2740630521714813
Hai Phong,1260.4,1925.2,98.7,1.11,1125.6,Hong river Delta,2013,3.360881542699712
Hai Phong,1274.0,1946.0,98.7,1.08,1127.7,Hong river Delta,2014,0.1865671641791078
Hai Phong,1285.0,1963.3,98.8,0.89,1128.1,Hong river Delta,2015,0.03547042653186949
Hai Phong,1268.0,1980.8,98.9,0.89,1131.6,Hong river Delta,2016,0.31025618296249835
Hai Phong,1279.0,1997.7,98.7,0.81,1136.0,Hong river Delta,2017,0.3888299752562885
Hai Phong,1289.0,2013.8,98.7,0.75,1138.2,Hong river Delta,2018,0.19366197183099398
Hai Phong,1302.0,2033.3,98.74,0.83,1111.1,Hong river Delta,2019,-2.3809523809523947
Hai Phong,1315.0,2053.5,97.86,1.0,1077.77,Hong river Delta,2020,-2.9997299972999714
Hau Giang,475.3,761.7,101.6,0.25,456.0,Mekong Delta,2011,
Hau Giang,476.6,763.8,101.6,0.28,456.4,Mekong Delta,2012,0.0877192982456032
Hau Giang,478.2,766.2,101.4,0.31,462.3,Mekong Delta,2013,1.2927256792287567
Hau Giang,480.0,768.4,99.5,0.28,453.3,Mekong Delta,2014,-1.94678780012979
Hau Giang,481.0,770.4,97.7,0.27,462.9,Mekong Delta,2015,2.1178027796161514
Hau Giang,476.0,772.5,95.9,0.26,471.7,Mekong Delta,2016,1.9010585439619865
Hau Giang,478.0,774.6,100.1,-0.38,455.8,Mekong Delta,2017,-3.3707865168539297
Hau Giang,479.0,776.7,100.0,-0.32,450.7,Mekong Delta,2018,-1.118911803422562
Hau Giang,451.0,732.2,99.81,-0.37,420.3,Mekong Delta,2019,-6.745063234967819
Hau Giang,450.0,729.8,101.38,-0.33,402.33,Mekong Delta,2020,-4.275517487508928
Ho Chi Minh,3578.2,7498.4,91.1,2.07,4000.9,South East,2011,
Ho Chi Minh,3655.4,7660.3,93.1,2.16,4086.4,South East,2012,2.137019170686605
Ho Chi Minh,3731.6,7820.0,93.2,2.08,4122.3,South East,2013,0.878523884103366
Ho Chi Minh,3809.0,7981.9,92.2,2.07,4188.5,South East,2014,1.6058996191446573
Ho Chi Minh,3888.0,8146.3,91.8,1.83,4251.4,South East,2015,1.5017309299271808
Ho Chi Minh,4025.0,8297.5,91.9,1.96,4335.7,South East,2016,1.9828762290069246
Ho Chi Minh,4097.0,8444.6,94.5,2.01,4578.7,South East,2017,5.604631316742403
Ho Chi Minh,4171.0,8598.7,94.8,2.24,4684.9,South East,2018,2.3194356476729183
Ho Chi Minh,4385.0,9038.6,95.07,2.21,4826.0,South East,2019,3.0118038805524217
Ho Chi Minh,4476.0,9227.6,94.93,2.09,4769.63,South East,2020,-1.1680480729382436
Hoa Binh,173.4,799.0,98.3,0.93,536.2,Midlands and northern mountains,2011,
Hoa Binh,174.7,805.2,98.2,0.77,539.6,Midlands and northern mountains,2012,0.6340917568071536
Hoa Binh,175.8,810.3,97.7,0.64,552.0,Midlands and northern mountains,2013,2.2979985174202966
Hoa Binh,177.0,817.4,98.5,0.86,550.7,Midlands and northern mountains,2014,-0.2355072463767982
Hoa Binh,179.0,824.3,98.5,0.85,555.0,Midlands and northern mountains,2015,0.7808244053023383
Hoa Binh,181.0,831.3,99.7,0.86,553.2,Midlands and northern mountains,2016,-0.324324324324321
Hoa Binh,183.0,838.8,99.7,0.95,543.3,Midlands and northern mountains,2017,-1.7895878524945896
Hoa Binh,184.0,846.1,99.8,0.65,553.0,Midlands and northern mountains,2018,1.7853856064789397
Hoa Binh,186.0,855.8,99.97,0.63,556.2,Midlands and northern mountains,2019,0.5786618444846292
Hoa Binh,188.0,861.2,101.0,0.63,531.02,Midlands and northern mountains,2020,-4.527148507731038
Hung Yen,1229.4,1138.4,97.1,0.54,707.1,Hong river Delta,2011,
Hung Yen,1235.5,1144.1,97.5,0.5,702.0,Hong river Delta,2012,-0.7212558336868957
Hung Yen,1243.6,1151.6,97.6,0.66,708.3,Hong river Delta,2013,0.8974358974358942
Hung Yen,1251.0,1158.1,97.3,0.56,705.0,Hong river Delta,2014,-0.4659042778483613
Hung Yen,1257.0,1164.4,97.0,0.52,702.4,Hong river Delta,2015,-0.3687943262411397
Hung Yen,1258.0,1170.2,96.6,0.52,704.4,Hong river Delta,2016,0.28473804100228595
Hung Yen,1265.0,1176.3,99.6,1.1,716.1,Hong river Delta,2017,1.6609880749574257
Hung Yen,1278.0,1188.9,99.8,1.1,717.9,Hong river Delta,2018,0.2513615416841253
Hung Yen,1350.0,1255.8,100.25,1.08,726.8,Hong river Delta,2019,1.2397269814737433
Hung Yen,1364.0,1269.1,100.58,1.06,722.01,Hong river Delta,2020,-0.6590533847000479
Khanh Hoa,224.5,1171.4,98.0,0.61,656.6,North Central and Central Coast,2011,
Khanh Hoa,226.2,1180.1,97.7,0.75,650.7,North Central and Central Coast,2012,-0.8985683825769031
Khanh Hoa,227.8,1188.4,97.9,0.7,677.0,North Central and Central Coast,2013,4.041801137236822
Khanh Hoa,229.0,1196.9,97.6,0.71,691.0,North Central and Central Coast,2014,2.067946824224509
Khanh Hoa,231.0,1205.3,97.2,0.7,690.5,North Central and Central Coast,2015,-0.07235890014472002
Khanh Hoa,236.0,1213.8,96.9,0.7,689.6,North Central and Central Coast,2016,-0.13034033309196058
Khanh Hoa,238.0,1222.2,98.8,0.76,697.2,North Central and Central Coast,2017,1.1020881670533722
Khanh Hoa,240.0,1232.4,98.9,0.67,702.2,North Central and Central Coast,2018,0.7171543316121687
Khanh Hoa,240.0,1232.8,99.05,0.68,695.2,North Central and Central Coast,2019,-0.9968669894616866
Khanh Hoa,241.0,1240.4,99.19,0.62,671.7,North Central and Central Coast,2020,-3.3803222094361374
Kien Giang,269.5,1710.9,101.1,0.72,1008.6,Mekong Delta,2011,
Kien Giang,271.5,1723.8,101.0,0.76,1036.8,Mekong Delta,2012,2.7959547888161795
Kien Giang,273.2,1734.3,100.7,0.61,990.8,Mekong Delta,2013,-4.436728395061729
Kien Giang,275.0,1745.5,100.4,0.64,1007.1,Mekong Delta,2014,1.6451352442470757
Kien Giang,277.0,1761.0,100.4,0.89,1005.1,Mekong Delta,2015,-0.19859001092245032
Kien Giang,280.0,1776.7,100.4,0.89,1006.2,Mekong Delta,2016,0.1094418465824365
Kien Giang,282.0,1792.6,102.6,0.24,954.9,Mekong Delta,2017,-5.098389982110918
Kien Giang,285.0,1810.5,102.7,0.31,946.2,Mekong Delta,2018,-0.9110901665095761
Kien Giang,272.0,1723.7,102.8,0.32,952.6,Mekong Delta,2019,0.676389769604735
Kien Giang,272.0,1728.9,102.84,0.3,923.98,Mekong Delta,2020,-3.004408985933238
Kon Tum,46.6,451.6,109.7,2.15,259.7,Highlands,2011,
Kon Tum,47.8,462.7,113.5,2.46,265.0,Highlands,2012,2.0408163265306145
Kon Tum,48.8,473.3,113.8,2.28,278.9,Highlands,2013,5.245283018867908
Kon Tum,50.0,484.2,113.9,2.32,288.4,Highlands,2014,3.4062387952671136
Kon Tum,51.0,495.9,114.0,2.41,293.2,Highlands,2015,1.664355062413314
Kon Tum,52.0,507.8,114.1,2.4,300.9,Highlands,2016,2.6261937244201894
Kon Tum,54.0,520.0,101.3,2.41,304.1,Highlands,2017,1.0634762379528206
Kon Tum,55.0,535.0,101.2,2.37,307.6,Highlands,2018,1.1509371917132416
Kon Tum,56.0,543.4,101.0,2.08,316.1,Highlands,2019,2.763328998699599
Kon Tum,57.0,555.6,100.83,2.24,312.8,Highlands,2020,-1.043973426130973
Lai Chau,42.9,389.4,104.7,2.27,224.8,Midlands and northern mountains,2011,
Lai Chau,43.8,397.3,104.9,2.03,238.2,Midlands and northern mountains,2012,5.960854092526691
Lai Chau,44.7,405.7,103.0,2.1,246.4,Midlands and northern mountains,2013,3.4424853064651595
Lai Chau,46.0,415.3,101.1,2.38,251.1,Midlands and northern mountains,2014,1.9074675324675328
Lai Chau,47.0,425.1,99.2,2.2,255.9,Midlands and northern mountains,2015,1.9115890083632125
Lai Chau,48.0,436.0,97.5,2.48,268.8,Midlands and northern mountains,2016,5.041031652989458
Lai Chau,49.0,446.1,103.8,1.88,267.8,Midlands and northern mountains,2017,-0.37202380952381375
Lai Chau,50.0,456.3,103.8,2.0,274.3,Midlands and northern mountains,2018,2.4271844660194164
Lai Chau,51.0,462.6,103.83,2.04,283.4,Midlands and northern mountains,2019,3.3175355450236754
Lai Chau,52.0,469.8,103.04,1.55,284.14,Midlands and northern mountains,2020,0.26111503175723083
Lam Dong,124.7,1218.7,100.1,1.21,689.1,Highlands,2011,
Lam Dong,126.1,1232.0,100.1,1.09,720.4,Highlands,2012,4.542156435930922
Lam Dong,127.4,1245.4,99.6,1.09,722.2,Highlands,2013,0.24986118822876158
Lam Dong,129.0,1259.3,100.3,1.11,748.9,Highlands,2014,3.6970368319025004
Lam Dong,130.0,1273.1,101.0,1.1,778.1,Highlands,2015,3.8990519428495185
Lam Dong,132.0,1288.2,101.6,1.01,793.8,Highlands,2016,2.017735509574603
Lam Dong,133.0,1298.9,101.4,0.79,733.6,Highlands,2017,-7.583774250440911
Lam Dong,134.0,1312.9,101.4,0.79,748.8,Highlands,2018,2.071973827699014
Lam Dong,133.0,1299.3,101.44,0.61,770.1,Highlands,2019,2.8445512820512997
Lam Dong,134.0,1309.8,101.43,0.8,770.03,Highlands,2020,-0.009089728606681557
Lang Son,89.0,740.8,99.6,0.61,480.1,Midlands and northern mountains,2011,
Lang Son,89.6,745.3,99.8,0.6,488.1,Midlands and northern mountains,2012,1.666319516767345
Lang Son,90.1,749.7,99.6,0.6,498.5,Midlands and northern mountains,2013,2.1307109198934526
Lang Son,91.0,753.7,100.0,0.53,505.1,Midlands and northern mountains,2014,1.3239719157472463
Lang Son,91.0,757.9,100.3,0.92,508.5,Midlands and northern mountains,2015,0.673134032864775
Lang Son,92.0,768.7,100.5,1.06,507.9,Midlands and northern mountains,2016,-0.11799410029499358
Lang Son,94.0,778.4,103.5,0.69,491.6,Midlands and northern mountains,2017,-3.2092931679464365
Lang Son,95.0,790.5,104.1,0.93,493.9,Midlands and northern mountains,2018,0.46786004882017895
Lang Son,94.0,782.8,104.49,0.9,500.0,Midlands and northern mountains,2019,1.2350678274954507
Lang Son,95.0,788.7,104.7,0.75,487.72,Midlands and northern mountains,2020,-2.4559999999999915
Lao Cai,99.8,637.0,101.3,1.63,377.8,Midlands and northern mountains,2011,
Lao Cai,101.3,646.5,101.3,1.5,396.7,Midlands and northern mountains,2012,5.002646903123331
Lao Cai,102.7,655.9,101.0,1.45,405.3,Midlands and northern mountains,2013,2.1678850516763326
Lao Cai,104.0,665.2,102.4,1.41,412.6,Midlands and northern mountains,2014,1.801134961756734
Lao Cai,106.0,674.5,102.2,1.41,422.5,Midlands and northern mountains,2015,2.3994183228308152
Lao Cai,108.0,684.3,102.1,1.45,432.8,Midlands and northern mountains,2016,2.437869822485217
Lao Cai,109.0,694.4,103.0,1.74,433.6,Midlands and northern mountains,2017,0.1848428835489857
Lao Cai,111.0,705.6,103.2,1.73,444.2,Midlands and northern mountains,2018,2.4446494464944513
Lao Cai,115.0,733.3,103.45,1.74,435.5,Midlands and northern mountains,2019,-1.9585772174696037
Lao Cai,117.0,746.4,103.78,1.78,432.98,Midlands and northern mountains,2020,-0.5786452353616522
Long An,322.7,1449.9,98.7,0.49,841.7,Mekong Delta,2011,
Long An,325.1,1460.3,98.7,0.72,894.2,Mekong Delta,2012,6.237376737554956
Long An,327.2,1469.9,98.7,0.65,898.1,Mekong Delta,2013,0.4361440393647831
Long An,329.0,1477.3,98.7,0.51,890.9,Mekong Delta,2014,-0.8016924618639454
Long An,330.0,1484.7,98.7,0.45,893.4,Mekong Delta,2015,0.280615108317428
Long An,332.0,1490.6,98.7,0.43,899.4,Mekong Delta,2016,0.671591672263272
Long An,333.0,1496.8,99.3,1.04,996.3,Mekong Delta,2017,10.773849232821874
Long An,334.0,1503.1,99.4,1.0,1006.7,Mekong Delta,2018,1.043862290474773
Long An,377.0,1695.1,99.52,0.97,1056.8,Mekong Delta,2019,4.976656402105872
Long An,381.0,1713.7,99.68,1.09,1029.33,Mekong Delta,2020,-2.5993565480696423
Nam Dinh,1110.3,1833.5,95.8,0.19,1082.2,Hong river Delta,2011,
Nam Dinh,1110.4,1835.1,95.8,0.09,1112.1,Hong river Delta,2012,2.7628904084272543
Nam Dinh,1113.2,1839.9,96.0,0.26,1145.4,Hong river Delta,2013,2.9943350418128123
Nam Dinh,1116.0,1845.6,96.1,0.31,1157.8,Hong river Delta,2014,1.0825912345032274
Nam Dinh,1119.0,1850.6,96.2,0.27,1150.5,Hong river Delta,2015,-0.6305061323199079
Nam Dinh,1110.0,1852.6,96.1,0.11,1148.0,Hong river Delta,2016,-0.21729682746631784
Nam Dinh,1111.0,1853.3,95.8,-0.24,1051.9,Hong river Delta,2017,-8.371080139372811
Nam Dinh,1111.0,1854.4,95.9,-0.22,1044.6,Hong river Delta,2018,-0.6939823177108284
Nam Dinh,1067.0,1780.9,96.05,-0.19,1050.1,Hong river Delta,2019,0.5265173272065882
Nam Dinh,1067.0,1780.3,96.05,-0.03,1025.16,Hong river Delta,2020,-2.3750119036282102
Nghe An,179.2,2955.9,98.5,0.75,1757.8,North Central and Central Coast,2011,
Nghe An,180.9,2983.3,98.4,0.92,1826.3,North Central and Central Coast,2012,3.89691660029583
Nghe An,182.6,3011.3,98.0,0.94,1920.4,North Central and Central Coast,2013,5.15249411378198
Nghe An,184.0,3037.4,98.7,0.87,1953.1,North Central and Central Coast,2014,1.7027702561966063
Nghe An,186.0,3063.9,99.3,1.4,1892.0,North Central and Central Coast,2015,-3.128360043008549
Nghe An,188.0,3105.5,100.0,0.83,1878.8,North Central and Central Coast,2016,-0.6976744186046546
Nghe An,190.0,3131.3,99.6,1.36,1911.6,North Central and Central Coast,2017,1.745795188418131
Nghe An,192.0,3157.1,99.8,1.38,1909.6,North Central and Central Coast,2018,-0.10462439840971394
Nghe An,202.0,3337.2,100.11,1.39,1926.1,North Central and Central Coast,2019,0.8640552995391682
Nghe An,204.0,3365.2,100.28,0.84,1926.96,North Central and Central Coast,2020,0.044649810497898734
Ninh Binh,652.9,907.7,99.1,0.66,553.0,Hong river Delta,2011,
Ninh Binh,667.6,919.1,99.3,1.26,553.4,Hong river Delta,2012,0.07233273056057588
Ninh Binh,672.8,927.2,99.1,0.87,584.1,Hong river Delta,2013,5.547524394651249
Ninh Binh,679.0,935.8,96.2,0.93,585.8,Hong river Delta,2014,0.29104605375791515
Ninh Binh,686.0,944.4,99.5,0.92,584.5,Hong river Delta,2015,-0.22191874359849262
Ninh Binh,687.0,953.1,99.6,0.92,585.4,Hong river Delta,2016,0.15397775876817565
Ninh Binh,694.0,961.9,99.1,0.9,576.9,Hong river Delta,2017,-1.4519986334130541
Ninh Binh,702.0,973.3,99.2,0.96,586.2,Hong river Delta,2018,1.6120644825793118
Ninh Binh,710.0,984.5,99.24,1.01,581.5,Hong river Delta,2019,-0.8017741385192845
Ninh Binh,717.0,993.9,99.61,0.95,563.57,Hong river Delta,2020,-3.0834049871023117
Ninh Thuan,170.9,574.1,100.9,0.81,317.2,North Central and Central Coast,2011,
Ninh Thuan,172.5,579.4,101.6,0.91,318.1,North Central and Central Coast,2012,0.28373266078185466
Ninh Thuan,174.2,584.9,101.9,0.94,325.1,North Central and Central Coast,2013,2.2005658597925137
Ninh Thuan,176.0,590.4,101.8,0.94,333.9,North Central and Central Coast,2014,2.7068594278683245
Ninh Thuan,177.0,595.9,101.8,0.93,343.1,North Central and Central Coast,2015,2.7553159628631363
Ninh Thuan,179.0,601.4,101.8,0.92,347.7,North Central and Central Coast,2016,1.340716992130564
Ninh Thuan,181.0,607.0,100.3,0.67,335.9,North Central and Central Coast,2017,-3.39373022720737
Ninh Thuan,182.0,611.8,100.4,0.6,337.5,North Central and Central Coast,2018,0.47633224173861954
Ninh Thuan,176.0,591.0,100.57,0.37,338.1,North Central and Central Coast,2019,0.1777777777777878
Ninh Thuan,177.0,593.6,102.08,0.44,328.29,North Central and Central Coast,2020,-2.9015084294587434
Phu Tho,376.2,1329.3,97.3,0.51,841.3,Midlands and northern mountains,2011,
Phu Tho,379.5,1340.8,97.3,0.86,855.1,Midlands and northern mountains,2012,1.640318554617859
Phu Tho,382.4,1351.2,97.3,0.78,867.0,Midlands and northern mountains,2013,1.3916500994035852
Phu Tho,385.0,1360.2,97.3,0.67,839.6,Midlands and northern mountains,2014,-3.1603229527104926
Phu Tho,388.0,1369.7,97.3,0.76,822.7,Midlands and northern mountains,2015,-2.012863268222964
Phu Tho,391.0,1381.7,97.3,0.81,819.7,Midlands and northern mountains,2016,-0.3646529719217195
Phu Tho,394.0,1392.9,98.5,1.52,841.6,Midlands and northern mountains,2017,2.6717091618885025
Phu Tho,397.0,1404.2,98.6,1.34,848.0,Midlands and northern mountains,2018,0.7604562737642651
Phu Tho,415.0,1466.4,98.95,1.16,850.5,Midlands and northern mountains,2019,0.2948113207547065
Phu Tho,419.0,1481.9,98.57,1.06,847.42,Midlands and northern mountains,2020,-0.36213991769548093
Phu Yen,171.9,870.0,100.2,0.45,513.1,North Central and Central Coast,2011,
Phu Yen,173.1,876.1,100.2,0.7,540.5,North Central and Central Coast,2012,5.340089651140123
Phu Yen,174.3,882.0,100.2,0.67,545.4,North Central and Central Coast,2013,0.9065679925994496
Phu Yen,175.0,887.4,100.1,0.61,538.8,North Central and Central Coast,2014,-1.2101210121012174
Phu Yen,177.0,893.4,100.1,0.68,538.6,North Central and Central Coast,2015,-0.0371195248700662
Phu Yen,179.0,899.4,100.0,0.68,545.7,North Central and Central Coast,2016,1.318232454511703
Phu Yen,180.0,904.4,101.0,0.22,514.4,North Central and Central Coast,2017,-5.735752244823178
Phu Yen,181.0,909.5,101.1,0.17,524.5,North Central and Central Coast,2018,1.9634525660964242
Phu Yen,174.0,873.2,101.22,0.19,521.1,North Central and Central Coast,2019,-0.6482364156339293
Phu Yen,174.0,874.3,101.18,0.13,510.68,North Central and Central Coast,2020,-1.9996161965073922
Quang Binh,105.8,853.4,100.1,0.56,484.4,North Central and Central Coast,2011,
Quang Binh,106.4,858.3,100.1,0.57,513.8,North Central and Central Coast,2012,6.069364161849711
Quang Binh,107.1,863.4,100.2,0.59,516.5,North Central and Central Coast,2013,0.5254963020630665
Quang Binh,108.0,868.2,100.2,0.56,528.9,North Central and Central Coast,2014,2.400774443368814
Quang Binh,108.0,872.9,100.2,0.55,520.4,North Central and Central Coast,2015,-1.6071090943467592
Quang Binh,110.0,877.7,100.2,0.55,531.1,North Central and Central Coast,2016,2.056110684089174
Quang Binh,110.0,882.5,100.2,0.58,527.5,North Central and Central Coast,2017,-0.6778384485031097
Quang Binh,111.0,887.6,100.6,0.61,527.7,North Central and Central Coast,2018,0.037914691943141676
Quang Binh,112.0,896.6,100.72,0.61,516.1,North Central and Central Coast,2019,-2.1982186848588214
Quang Binh,113.0,902.0,100.83,0.6,505.26,North Central and Central Coast,2020,-2.100368145708198
Quang Nam,138.2,1442.7,95.6,0.66,811.6,North Central and Central Coast,2011,
Quang Nam,139.2,1452.9,95.7,0.71,838.7,North Central and Central Coast,2012,3.3390832922622016
Quang Nam,140.2,1463.2,95.7,0.71,858.2,North Central and Central Coast,2013,2.3250268272326124
Quang Nam,141.0,1471.8,95.7,0.59,890.3,North Central and Central Coast,2014,3.7403868562106535
Quang Nam,142.0,1480.3,95.7,0.54,890.2,North Central and Central Coast,2015,-0.01123216893180734
Quang Nam,141.0,1487.7,95.7,0.47,902.0,North Central and Central Coast,2016,1.3255448213884469
Quang Nam,141.0,1493.8,96.5,0.51,879.4,North Central and Central Coast,2017,-2.5055432372505515
Quang Nam,142.0,1501.1,96.7,0.5,883.4,North Central and Central Coast,2018,0.45485558335227605
Quang Nam,142.0,1497.5,96.8,0.45,896.2,North Central and Central Coast,2019,1.4489472492642097
Quang Nam,142.0,1505.0,96.82,0.51,891.18,North Central and Central Coast,2020,-0.5601428252622331
Quang Ngai,237.8,1225.2,97.3,0.35,711.0,North Central and Central Coast,2011,
Quang Ngai,238.7,1229.8,97.3,0.37,725.7,North Central and Central Coast,2012,2.0675105485232104
Quang Ngai,240.0,1236.3,97.4,0.52,726.2,North Central and Central Coast,2013,0.06889899407469535
Quang Ngai,241.0,1241.4,97.1,0.42,753.8,North Central and Central Coast,2014,3.8006058936931764
Quang Ngai,242.0,1246.4,96.8,0.41,760.9,North Central and Central Coast,2015,0.9418944016980735
Quang Ngai,243.0,1251.5,97.6,0.63,767.4,North Central and Central Coast,2016,0.8542515442239385
Quang Ngai,245.0,1261.6,97.7,0.12,746.9,North Central and Central Coast,2017,-2.6713578316392983
Quang Ngai,247.0,1272.8,97.7,0.13,746.7,North Central and Central Coast,2018,-0.02677734636497009
Quang Ngai,239.0,1231.9,97.75,0.11,739.2,North Central and Central Coast,2019,-1.0044194455604671
Quang Ngai,239.0,1233.4,97.76,0.12,731.69,North Central and Central Coast,2020,-1.0159632034631993
Quang Ninh,191.4,1168.0,105.4,0.93,675.0,Hong river Delta,2011,
Quang Ninh,193.0,1177.7,103.4,0.83,691.9,Hong river Delta,2012,2.503703703703697
Quang Ninh,194.6,1187.5,106.0,0.82,711.4,Hong river Delta,2013,2.8183263477381093
Quang Ninh,197.0,1199.4,100.5,1.01,697.2,Hong river Delta,2014,-1.9960640989597933
Quang Ninh,199.0,1211.3,100.5,0.99,692.4,Hong river Delta,2015,-0.6884681583476882
Quang Ninh,198.0,1224.6,100.5,1.3,691.9,Hong river Delta,2016,-0.07221259387637513
Quang Ninh,201.0,1243.6,103.6,1.9,728.1,Hong river Delta,2017,5.231969937852288
Quang Ninh,205.0,1266.5,103.6,1.46,734.7,Hong river Delta,2018,0.9064688916357699
Quang Ninh,214.0,1324.8,103.48,1.61,734.5,Hong river Delta,2019,-0.027221995372261887
Quang Ninh,217.0,1337.6,103.46,0.96,693.57,Hong river Delta,2020,-5.57249829816201
Quang Tri,127.6,604.7,97.9,0.51,334.0,North Central and Central Coast,2011,
Quang Tri,128.3,608.2,98.1,0.57,332.4,North Central and Central Coast,2012,-0.4790419161676662
Quang Tri,129.3,613.0,97.3,0.8,346.2,North Central and Central Coast,2013,4.151624548736477
Quang Tri,130.0,616.4,97.1,0.55,348.6,North Central and Central Coast,2014,0.6932409012131879
Quang Tri,131.0,619.9,97.2,0.58,349.7,North Central and Central Coast,2015,0.31554790590935244
Quang Tri,135.0,623.5,96.4,0.59,348.9,North Central and Central Coast,2016,-0.22876751501287318
Quang Tri,136.0,627.3,98.2,0.61,345.8,North Central and Central Coast,2017,-0.8885067354542753
Quang Tri,136.0,630.6,98.2,0.7,346.4,North Central and Central Coast,2018,0.1735106998264735
Quang Tri,137.0,633.4,98.33,0.59,350.6,North Central and Central Coast,2019,1.2124711316397363
Quang Tri,138.0,637.3,98.33,0.6,348.11,North Central and Central Coast,2020,-0.7102110667427275
Soc Trang,392.1,1298.4,98.8,0.21,744.1,Mekong Delta,2011,
Soc Trang,393.0,1301.5,98.7,0.24,749.4,Mekong Delta,2012,0.712269856202119
Soc Trang,394.0,1304.7,98.3,0.24,729.3,Mekong Delta,2013,-2.6821457165732587
Soc Trang,395.0,1307.7,100.3,0.24,699.6,Mekong Delta,2014,-4.072398190045234
Soc Trang,396.0,1310.7,98.4,0.23,704.1,Mekong Delta,2015,0.6432246998284707
Soc Trang,396.0,1312.5,98.4,0.14,712.1,Mekong Delta,2016,1.1362022439994401
Soc Trang,397.0,1314.3,99.3,-0.75,674.4,Mekong Delta,2017,-5.2942002527734955
Soc Trang,397.0,1315.9,99.3,-0.78,670.1,Mekong Delta,2018,-0.6376037959667791
Soc Trang,362.0,1199.5,99.38,-0.77,657.9,Mekong Delta,2019,-1.8206237874944131
Soc Trang,361.0,1195.7,99.34,-0.32,641.91,Mekong Delta,2020,-2.43046055631555
Son La,78.9,1118.6,101.0,1.79,684.0,Midlands and northern mountains,2011,
Son La,80.0,1134.4,101.0,1.41,710.9,Midlands and northern mountains,2012,3.9327485380116878
Son La,81.2,1150.5,101.2,1.42,721.8,Midlands and northern mountains,2013,1.533267688845119
Son La,82.0,1166.4,101.5,1.38,734.7,Midlands and northern mountains,2014,1.7871986699917075
Son La,83.0,1182.4,101.2,1.8,753.1,Midlands and northern mountains,2015,2.5044235742479826
Son La,86.0,1208.0,101.0,1.76,750.8,Midlands and northern mountains,2016,-0.3054043287744057
Son La,87.0,1228.9,102.4,1.55,748.2,Midlands and northern mountains,2017,-0.3462972828982336
Son La,88.0,1242.7,102.6,1.62,758.6,Midlands and northern mountains,2018,1.3900026730820692
Son La,89.0,1252.7,102.8,1.59,771.0,Midlands and northern mountains,2019,1.6345900342736641
Son La,90.0,1270.6,102.94,1.43,770.54,Midlands and northern mountains,2020,-0.05966277561608724
Tay Ninh,267.8,1082.0,98.2,0.72,644.5,South East,2011,
Tay Ninh,269.7,1089.7,97.7,0.71,649.2,South East,2012,0.7292474786656289
Tay Ninh,272.0,1096.9,96.9,0.66,647.9,South East,2013,-0.2002464571780771
Tay Ninh,274.0,1104.2,97.9,0.67,636.7,South East,2014,-1.7286618305293877
Tay Ninh,276.0,1111.5,99.0,0.66,643.9,South East,2015,1.1308308465525219
Tay Ninh,277.0,1118.8,100.1,0.66,651.4,South East,2016,1.164777139307338
Tay Ninh,279.0,1126.2,99.7,1.0,692.2,South East,2017,6.263432606693287
Tay Ninh,280.0,1133.4,99.8,0.83,676.9,South East,2018,-2.210343831262651
Tay Ninh,290.0,1171.7,99.88,0.95,707.0,South East,2019,4.446742502585321
Tay Ninh,292.0,1178.3,100.11,0.57,692.83,South East,2020,-2.0042432814709965
Thai Binh,1137.5,1785.9,94.6,0.07,1134.2,Hong river Delta,2011,
Thai Binh,1138.5,1787.4,93.8,0.08,1113.1,Hong river Delta,2012,-1.8603420913419266
Thai Binh,1138.6,1788.1,93.7,0.04,1103.6,Hong river Delta,2013,-0.8534722846105458
Thai Binh,1139.0,1788.7,93.7,0.03,1115.3,Hong river Delta,2014,1.0601667270750292
Thai Binh,1139.0,1789.2,93.6,0.02,1110.8,Hong river Delta,2015,-0.4034788846050352
Thai Binh,1128.0,1790.0,93.6,0.04,1104.7,Hong river Delta,2016,-0.5491537630536447
Thai Binh,1129.0,1791.5,94.5,0.43,1120.1,Hong river Delta,2017,1.3940436317552152
Thai Binh,1130.0,1793.2,94.7,0.43,1121.3,Hong river Delta,2018,0.10713329167038044
Thai Binh,1174.0,1862.2,94.84,0.43,1133.1,Hong river Delta,2019,1.0523499509497825
Thai Binh,1179.0,1870.3,95.05,0.43,1084.33,Hong river Delta,2020,-4.304121436766395
Thai Nguyen,322.6,1139.4,97.2,0.72,687.7,Midlands and northern mountains,2011,
Thai Nguyen,325.1,1149.1,97.2,0.85,716.5,Midlands and northern mountains,2012,4.1878726188745
Thai Nguyen,326.9,1156.0,97.2,0.6,716.3,Midlands and northern mountains,2013,-0.027913468248441653
Thai Nguyen,332.0,1173.2,97.2,1.49,715.9,Midlands and northern mountains,2014,-0.05584252408208368
Thai Nguyen,337.0,1190.6,96.6,3.59,725.5,Midlands and northern mountains,2015,1.3409694091353508
Thai Nguyen,348.0,1227.4,96.6,2.34,729.9,Midlands and northern mountains,2016,0.6064782908339117
Thai Nguyen,356.0,1255.1,96.1,1.07,763.2,Midlands and northern mountains,2017,4.562268803945746
Thai Nguyen,360.0,1268.3,95.9,1.39,767.2,Midlands and northern mountains,2018,0.524109014675056
Thai Nguyen,366.0,1290.9,95.64,1.37,777.2,Midlands and northern mountains,2019,1.3034410844629862
Thai Nguyen,371.0,1307.9,95.51,1.31,769.91,Midlands and northern mountains,2020,-0.9379825012866827
Thanh Hoa,308.8,3437.7,97.7,0.47,2225.1,North Central and Central Coast,2011,
Thanh Hoa,310.6,3457.9,97.6,0.59,2138.1,North Central and Central Coast,2012,-3.9099366320614837
Thanh Hoa,312.4,3477.7,97.2,0.57,2224.2,North Central and Central Coast,2013,4.0269398063701445
Thanh Hoa,314.0,3496.1,97.9,0.53,2231.8,North Central and Central Coast,2014,0.3416958906573342
Thanh Hoa,316.0,3514.2,98.6,0.46,2238.3,North Central and Central Coast,2015,0.29124473519133165
Thanh Hoa,317.0,3528.3,99.3,0.46,2241.2,North Central and Central Coast,2016,0.12956261448417994
Thanh Hoa,319.0,3544.4,99.2,0.92,2253.4,North Central and Central Coast,2017,0.5443512404069262
Thanh Hoa,320.0,3558.2,99.4,0.77,2261.2,North Central and Central Coast,2018,0.34614360521876275
Thanh Hoa,328.0,3645.8,99.6,0.4,2295.0,North Central and Central Coast,2019,1.4947815319299673
Thanh Hoa,330.0,3664.9,98.81,0.53,2225.48,North Central and Central Coast,2020,-3.0291938997821344
Thua Thien Hue,219.2,1103.1,98.0,1.12,596.8,North Central and Central Coast,2011,
Thua Thien Hue,221.3,1113.9,97.8,0.98,614.8,North Central and Central Coast,2012,3.016085790884726
Thua Thien Hue,223.1,1122.7,97.6,0.79,636.6,North Central and Central Coast,2013,3.5458685751464047
Thua Thien Hue,225.0,1131.8,98.1,0.8,662.6,North Central and Central Coast,2014,4.084197298146397
Thua Thien Hue,227.0,1140.7,98.4,0.88,636.2,North Central and Central Coast,2015,-3.9843042559613573
Thua Thien Hue,235.0,1149.8,98.8,0.72,631.7,North Central and Central Coast,2016,-0.7073247406475969
Thua Thien Hue,235.0,1154.3,97.9,0.48,615.9,North Central and Central Coast,2017,-2.5011872724394646
Thua Thien Hue,237.0,1163.6,97.9,0.19,615.0,North Central and Central Coast,2018,-0.1461276181198179
Thua Thien Hue,230.0,1129.5,97.96,0.36,621.0,North Central and Central Coast,2019,0.9756097560975618
Thua Thien Hue,231.0,1133.7,98.06,0.37,583.7,North Central and Central Coast,2020,-6.006441223832526
Tien Giang,670.8,1682.6,97.2,0.27,987.7,Mekong Delta,2011,
Tien Giang,674.8,1692.5,96.2,0.59,1029.4,Mekong Delta,2012,4.22192973574973
Tien Giang,679.0,1703.4,96.3,0.65,1072.3,Mekong Delta,2013,4.167476199727993
Tien Giang,684.0,1716.1,96.3,0.75,1050.8,Mekong Delta,2014,-2.0050359041313026
Tien Giang,689.0,1728.7,96.3,0.7,1080.9,Mekong Delta,2015,2.864484202512374
Tien Giang,693.0,1740.2,96.3,0.7,1101.8,Mekong Delta,2016,1.9335738736238284
Tien Giang,698.0,1751.8,96.3,0.67,1102.3,Mekong Delta,2017,0.04538028680340922
Tien Giang,702.0,1762.3,96.3,0.41,1125.8,Mekong Delta,2018,2.1319060146965496
Tien Giang,704.0,1766.3,96.38,0.41,1123.5,Mekong Delta,2019,-0.2042991650381909
Tien Giang,706.0,1772.5,96.15,0.35,1112.13,Mekong Delta,2020,-1.0120160213618057
Tra Vinh,432.7,1013.1,97.1,0.5,616.6,Mekong Delta,2011,
Tra Vinh,435.0,1018.4,97.0,0.52,604.4,Mekong Delta,2012,-1.9785922802465161
Tra Vinh,437.3,1023.9,96.6,0.54,607.9,Mekong Delta,2013,0.5790866975512898
Tra Vinh,440.0,1029.3,96.3,0.53,609.7,Mekong Delta,2014,0.29610133245601133
Tra Vinh,442.0,1034.6,95.9,0.52,611.1,Mekong Delta,2015,0.22962112514350874
Tra Vinh,441.0,1040.5,95.6,0.57,615.5,Mekong Delta,2016,0.7200130911471092
Tra Vinh,443.0,1045.6,97.0,0.05,593.2,Mekong Delta,2017,-3.623070674248574
Tra Vinh,445.0,1049.8,97.0,0.07,588.1,Mekong Delta,2018,-0.8597437626432947
Tra Vinh,428.0,1009.3,96.98,0.05,578.7,Mekong Delta,2019,-1.5983676245536427
Tra Vinh,428.0,1009.9,96.85,0.06,561.34,Mekong Delta,2020,-2.9998271988940783
Tuyen Quang,125.3,734.9,100.5,0.76,450.3,Midlands and northern mountains,2011,
Tuyen Quang,126.3,740.8,100.1,0.8,467.0,Midlands and northern mountains,2012,3.7086386853208975
Tuyen Quang,127.3,747.2,99.7,0.87,479.1,Midlands and northern mountains,2013,2.5910064239828667
Tuyen Quang,128.0,753.8,98.7,0.88,485.1,Midlands and northern mountains,2014,1.2523481527864755
Tuyen Quang,130.0,760.3,97.8,0.87,485.5,Midlands and northern mountains,2015,0.08245722531436961
Tuyen Quang,131.0,766.9,96.8,0.86,482.9,Midlands and northern mountains,2016,-0.5355303810504641
Tuyen Quang,132.0,773.5,101.2,0.93,472.3,Midlands and northern mountains,2017,-2.195071443363006
Tuyen Quang,133.0,780.1,101.3,1.02,480.6,Midlands and northern mountains,2018,1.7573576116874934
Tuyen Quang,134.0,786.3,101.43,1.02,489.8,Midlands and northern mountains,2019,1.9142738243861812
Tuyen Quang,135.0,792.9,101.41,0.84,480.5,Midlands and northern mountains,2020,-1.898734177215189
Vinh Long,687.5,1029.1,97.1,0.25,622.8,Mekong Delta,2011,
Vinh Long,687.4,1034.5,97.2,0.53,619.1,Mekong Delta,2012,-0.5940912010276023
Vinh Long,682.7,1037.8,96.8,0.32,625.2,Mekong Delta,2013,0.9853012437409214
Vinh Long,685.0,1041.5,97.0,0.36,627.6,Mekong Delta,2014,0.38387715930900956
Vinh Long,687.0,1045.0,97.1,0.34,627.6,Mekong Delta,2015,0.0
Vinh Long,687.0,1048.6,97.2,0.34,630.4,Mekong Delta,2016,0.44614404079030834
Vinh Long,688.0,1050.2,97.1,-0.02,610.5,Mekong Delta,2017,-3.156725888324874
Vinh Long,689.0,1051.8,97.1,0.01,607.9,Mekong Delta,2018,-0.4258804258804316
Vinh Long,670.0,1022.6,97.1,-0.01,622.4,Mekong Delta,2019,2.385260733673311
Vinh Long,670.0,1023.0,97.09,0.03,603.6,Mekong Delta,2020,-3.020565552699217
Vinh Phuc,818.0,1011.4,97.6,0.38,608.3,Hong river Delta,2011,
Vinh Phuc,826.8,1022.4,97.6,1.09,607.2,Hong river Delta,2012,-0.18083182640142859
Vinh Phuc,831.1,1029.4,97.6,0.68,613.2,Hong river Delta,2013,0.9881422924901129
Vinh Phuc,842.0,1041.9,96.8,1.22,631.2,Hong river Delta,2014,2.935420743639927
Vinh Phuc,852.0,1054.5,96.8,1.21,631.4,Hong river Delta,2015,0.03168567807350087
Vinh Phuc,863.0,1066.0,96.8,1.09,629.8,Hong river Delta,2016,-0.25340513145392096
Vinh Phuc,874.0,1079.5,97.8,1.54,625.3,Hong river Delta,2017,-0.7145125436646582
Vinh Phuc,884.0,1092.4,98.1,1.36,630.5,Hong river Delta,2018,0.8316008316008316
Vinh Phuc,934.0,1154.8,99.32,1.45,647.4,Hong river Delta,2019,2.680412371134011
Vinh Phuc,948.0,1171.2,99.35,1.42,634.47,Hong river Delta,2020,-1.997219647822046
Yen Bai,110.2,758.6,99.7,0.98,478.5,Midlands and northern mountains,2011,
Yen Bai,111.2,765.7,99.3,0.93,479.6,Midlands and northern mountains,2012,0.22988505747127963
Yen Bai,112.5,774.6,99.4,1.16,495.9,Midlands and northern mountains,2013,3.3986655546288436
Yen Bai,114.0,783.5,99.5,1.16,503.5,Midlands and northern mountains,2014,1.532567049808442
Yen Bai,115.0,792.7,99.8,1.22,512.5,Midlands and northern mountains,2015,1.7874875868917561
Yen Bai,116.0,800.1,99.9,0.91,519.4,Midlands and northern mountains,2016,1.3463414634146353
Yen Bai,117.0,807.3,101.0,0.87,511.3,Midlands and northern mountains,2017,-1.559491721216777
Yen Bai,118.0,815.6,101.1,0.9,519.6,Midlands and northern mountains,2018,1.6233131234109077
Yen Bai,119.0,823.0,101.25,1.04,520.4,Midlands and northern mountains,2019,0.15396458814471714
Yen Bai,121.0,831.6,101.35,1.04,521.21,Midlands and northern mountains,2020,0.15564950038433611
